[{"name":"com.google.firebase:firebase-core:16.0.1","index":0,"scopes":["EXTERNAL_LIBRARIES"],"types":["DEX_ARCHIVE"],"format":"JAR","present":true},{"name":"com.android.support:design:24.2.1","index":1,"scopes":["EXTERNAL_LIBRARIES"],"types":["DEX_ARCHIVE"],"format":"JAR","present":true},{"name":"com.facebook.android:facebook-android-sdk:4.36.1","index":2,"scopes":["EXTERNAL_LIBRARIES"],"types":["DEX_ARCHIVE"],"format":"JAR","present":true},{"name":"com.facebook.android:facebook-login:4.36.1","index":3,"scopes":["EXTERNAL_LIBRARIES"],"types":["DEX_ARCHIVE"],"format":"JAR","present":true},{"name":"com.facebook.android:facebook-share:4.36.1","index":4,"scopes":["EXTERNAL_LIBRARIES"],"types":["DEX_ARCHIVE"],"format":"JAR","present":true},{"name":"com.facebook.android:facebook-common:4.36.1","index":5,"scopes":["EXTERNAL_LIBRARIES"],"types":["DEX_ARCHIVE"],"format":"JAR","present":true},{"name":"com.android.support:appcompat-v7:27.0.2","index":6,"scopes":["EXTERNAL_LIBRARIES"],"types":["DEX_ARCHIVE"],"format":"JAR","present":true},{"name":"com.couchbase.lite:couchbase-lite-android:1.3.1","index":7,"scopes":["EXTERNAL_LIBRARIES"],"types":["DEX_ARCHIVE"],"format":"JAR","present":true},{"name":"com.google.firebase:firebase-database:16.0.2","index":8,"scopes":["EXTERNAL_LIBRARIES"],"types":["DEX_ARCHIVE"],"format":"JAR","present":true},{"name":"com.google.firebase:firebase-measurement-connector-impl:16.0.1","index":9,"scopes":["EXTERNAL_LIBRARIES"],"types":["DEX_ARCHIVE"],"format":"JAR","present":true},{"name":"com.google.firebase:firebase-analytics:16.0.1","index":10,"scopes":["EXTERNAL_LIBRARIES"],"types":["DEX_ARCHIVE"],"format":"JAR","present":true},{"name":"com.google.firebase:firebase-analytics-impl:16.1.1","index":11,"scopes":["EXTERNAL_LIBRARIES"],"types":["DEX_ARCHIVE"],"format":"JAR","present":true},{"name":"com.google.firebase:firebase-iid:16.0.0","index":12,"scopes":["EXTERNAL_LIBRARIES"],"types":["DEX_ARCHIVE"],"format":"JAR","present":true},{"name":"com.google.firebase:firebase-iid-interop:16.0.0","index":13,"scopes":["EXTERNAL_LIBRARIES"],"types":["DEX_ARCHIVE"],"format":"JAR","present":true},{"name":"com.google.android.gms:play-services-base:15.0.1","index":14,"scopes":["EXTERNAL_LIBRARIES"],"types":["DEX_ARCHIVE"],"format":"JAR","present":true},{"name":"com.google.firebase:firebase-common:16.0.2","index":15,"scopes":["EXTERNAL_LIBRARIES"],"types":["DEX_ARCHIVE"],"format":"JAR","present":true},{"name":"com.google.android.gms:play-services-tasks:15.0.1","index":16,"scopes":["EXTERNAL_LIBRARIES"],"types":["DEX_ARCHIVE"],"format":"JAR","present":true},{"name":"com.google.firebase:firebase-database-collection:15.0.1","index":17,"scopes":["EXTERNAL_LIBRARIES"],"types":["DEX_ARCHIVE"],"format":"JAR","present":true},{"name":"com.google.android.gms:play-services-stats:15.0.1","index":18,"scopes":["EXTERNAL_LIBRARIES"],"types":["DEX_ARCHIVE"],"format":"JAR","present":true},{"name":"com.google.firebase:firebase-measurement-connector:16.0.0","index":19,"scopes":["EXTERNAL_LIBRARIES"],"types":["DEX_ARCHIVE"],"format":"JAR","present":true},{"name":"com.google.android.gms:play-services-ads-identifier:15.0.1","index":20,"scopes":["EXTERNAL_LIBRARIES"],"types":["DEX_ARCHIVE"],"format":"JAR","present":true},{"name":"com.google.android.gms:play-services-basement:15.0.1","index":21,"scopes":["EXTERNAL_LIBRARIES"],"types":["DEX_ARCHIVE"],"format":"JAR","present":true},{"name":"com.android.support:support-v4:27.0.2","index":22,"scopes":["EXTERNAL_LIBRARIES"],"types":["DEX_ARCHIVE"],"format":"JAR","present":true},{"name":"com.android.support:animated-vector-drawable:27.0.2","index":23,"scopes":["EXTERNAL_LIBRARIES"],"types":["DEX_ARCHIVE"],"format":"JAR","present":true},{"name":"com.android.support:support-vector-drawable:27.0.2","index":24,"scopes":["EXTERNAL_LIBRARIES"],"types":["DEX_ARCHIVE"],"format":"JAR","present":true},{"name":"com.couchbase.lite:couchbase-lite-java-core:1.3.1","index":25,"scopes":["EXTERNAL_LIBRARIES"],"types":["DEX_ARCHIVE"],"format":"JAR","present":true},{"name":"com.couchbase.lite:couchbase-lite-android-sqlite-custom:1.3.1","index":26,"scopes":["EXTERNAL_LIBRARIES"],"types":["DEX_ARCHIVE"],"format":"JAR","present":true},{"name":"android.arch.core:runtime:1.1.1","index":27,"scopes":["EXTERNAL_LIBRARIES"],"types":["DEX_ARCHIVE"],"format":"JAR","present":true},{"name":"com.android.support:recyclerview-v7:24.2.1","index":28,"scopes":["EXTERNAL_LIBRARIES"],"types":["DEX_ARCHIVE"],"format":"JAR","present":true},{"name":"com.android.support:customtabs:27.0.2","index":29,"scopes":["EXTERNAL_LIBRARIES"],"types":["DEX_ARCHIVE"],"format":"JAR","present":true},{"name":"com.facebook.android:facebook-places:4.36.1","index":30,"scopes":["EXTERNAL_LIBRARIES"],"types":["DEX_ARCHIVE"],"format":"JAR","present":true},{"name":"com.facebook.android:facebook-applinks:4.36.1","index":31,"scopes":["EXTERNAL_LIBRARIES"],"types":["DEX_ARCHIVE"],"format":"JAR","present":true},{"name":"com.facebook.android:facebook-messenger:4.36.1","index":32,"scopes":["EXTERNAL_LIBRARIES"],"types":["DEX_ARCHIVE"],"format":"JAR","present":true},{"name":"com.facebook.android:facebook-marketing:4.36.1","index":33,"scopes":["EXTERNAL_LIBRARIES"],"types":["DEX_ARCHIVE"],"format":"JAR","present":true},{"name":"com.facebook.android:facebook-core:4.36.1","index":34,"scopes":["EXTERNAL_LIBRARIES"],"types":["DEX_ARCHIVE"],"format":"JAR","present":true},{"name":"com.android.support:support-fragment:27.0.2","index":35,"scopes":["EXTERNAL_LIBRARIES"],"types":["DEX_ARCHIVE"],"format":"JAR","present":true},{"name":"com.android.support:support-core-utils:27.0.2","index":36,"scopes":["EXTERNAL_LIBRARIES"],"types":["DEX_ARCHIVE"],"format":"JAR","present":true},{"name":"com.android.support:support-media-compat:27.0.2","index":37,"scopes":["EXTERNAL_LIBRARIES"],"types":["DEX_ARCHIVE"],"format":"JAR","present":true},{"name":"com.android.support:support-core-ui:27.0.2","index":38,"scopes":["EXTERNAL_LIBRARIES"],"types":["DEX_ARCHIVE"],"format":"JAR","present":true},{"name":"com.android.support:support-compat:27.0.2","index":39,"scopes":["EXTERNAL_LIBRARIES"],"types":["DEX_ARCHIVE"],"format":"JAR","present":true},{"name":"android.arch.lifecycle:runtime:1.1.1","index":40,"scopes":["EXTERNAL_LIBRARIES"],"types":["DEX_ARCHIVE"],"format":"JAR","present":true},{"name":"android.arch.core:common:1.1.1","index":41,"scopes":["EXTERNAL_LIBRARIES"],"types":["DEX_ARCHIVE"],"format":"JAR","present":true},{"name":"android.arch.lifecycle:common:1.1.1","index":42,"scopes":["EXTERNAL_LIBRARIES"],"types":["DEX_ARCHIVE"],"format":"JAR","present":true},{"name":"com.google.android.gms:play-services-measurement-base:16.0.0","index":43,"scopes":["EXTERNAL_LIBRARIES"],"types":["DEX_ARCHIVE"],"format":"JAR","present":true},{"name":"com.squareup.okhttp3:okhttp:3.3.1","index":44,"scopes":["EXTERNAL_LIBRARIES"],"types":["DEX_ARCHIVE"],"format":"JAR","present":true},{"name":"com.fasterxml.jackson.core:jackson-databind:2.5.0","index":45,"scopes":["EXTERNAL_LIBRARIES"],"types":["DEX_ARCHIVE"],"format":"JAR","present":true},{"name":"com.fasterxml.jackson.core:jackson-core:2.5.0","index":46,"scopes":["EXTERNAL_LIBRARIES"],"types":["DEX_ARCHIVE"],"format":"JAR","present":true},{"name":"com.fasterxml.jackson.core:jackson-annotations:2.5.0","index":47,"scopes":["EXTERNAL_LIBRARIES"],"types":["DEX_ARCHIVE"],"format":"JAR","present":true},{"name":"com.github.oxo42:stateless4j:2.4.0","index":48,"scopes":["EXTERNAL_LIBRARIES"],"types":["DEX_ARCHIVE"],"format":"JAR","present":true},{"name":"com.android.support:cardview-v7:27.0.2","index":49,"scopes":["EXTERNAL_LIBRARIES"],"types":["DEX_ARCHIVE"],"format":"JAR","present":true},{"name":"com.android.support:support-annotations:27.0.2","index":50,"scopes":["EXTERNAL_LIBRARIES"],"types":["DEX_ARCHIVE"],"format":"JAR","present":true},{"name":"com.parse.bolts:bolts-android:1.4.0","index":51,"scopes":["EXTERNAL_LIBRARIES"],"types":["DEX_ARCHIVE"],"format":"JAR","present":true},{"name":"com.google.zxing:core:3.3.0","index":52,"scopes":["EXTERNAL_LIBRARIES"],"types":["DEX_ARCHIVE"],"format":"JAR","present":true},{"name":"com.squareup.okio:okio:1.8.0","index":53,"scopes":["EXTERNAL_LIBRARIES"],"types":["DEX_ARCHIVE"],"format":"JAR","present":true},{"name":"com.parse.bolts:bolts-applinks:1.4.0","index":54,"scopes":["EXTERNAL_LIBRARIES"],"types":["DEX_ARCHIVE"],"format":"JAR","present":true},{"name":"com.parse.bolts:bolts-tasks:1.4.0","index":55,"scopes":["EXTERNAL_LIBRARIES"],"types":["DEX_ARCHIVE"],"format":"JAR","present":true},{"name":"5bd62313479f8cde3aa19350efa027189fa23b15-0","index":56,"scopes":["MAIN_SPLIT"],"types":["DEX_ARCHIVE"],"format":"JAR","present":true},{"name":"5bd62313479f8cde3aa19350efa027189fa23b15-1","index":57,"scopes":["MAIN_SPLIT"],"types":["DEX_ARCHIVE"],"format":"JAR","present":true},{"name":"5bd62313479f8cde3aa19350efa027189fa23b15-2","index":58,"scopes":["MAIN_SPLIT"],"types":["DEX_ARCHIVE"],"format":"JAR","present":true},{"name":"5bd62313479f8cde3aa19350efa027189fa23b15-3","index":59,"scopes":["MAIN_SPLIT"],"types":["DEX_ARCHIVE"],"format":"JAR","present":true},{"name":"5bd62313479f8cde3aa19350efa027189fa23b15-4","index":60,"scopes":["MAIN_SPLIT"],"types":["DEX_ARCHIVE"],"format":"JAR","present":true},{"name":"0276138b9a4551cc933a8271306f582b256ccc95-0","index":61,"scopes":["MAIN_SPLIT"],"types":["DEX_ARCHIVE"],"format":"JAR","present":false},{"name":"0276138b9a4551cc933a8271306f582b256ccc95-1","index":62,"scopes":["MAIN_SPLIT"],"types":["DEX_ARCHIVE"],"format":"JAR","present":true},{"name":"0276138b9a4551cc933a8271306f582b256ccc95-2","index":63,"scopes":["MAIN_SPLIT"],"types":["DEX_ARCHIVE"],"format":"JAR","present":false},{"name":"0276138b9a4551cc933a8271306f582b256ccc95-3","index":64,"scopes":["MAIN_SPLIT"],"types":["DEX_ARCHIVE"],"format":"JAR","present":false},{"name":"0276138b9a4551cc933a8271306f582b256ccc95-4","index":65,"scopes":["MAIN_SPLIT"],"types":["DEX_ARCHIVE"],"format":"JAR","present":false},{"name":"slice_0","index":66,"scopes":["PROJECT","SUB_PROJECTS"],"types":["DEX_ARCHIVE"],"format":"DIRECTORY","present":true},{"name":"slice_1","index":67,"scopes":["PROJECT","SUB_PROJECTS"],"types":["DEX_ARCHIVE"],"format":"DIRECTORY","present":true},{"name":"slice_2","index":68,"scopes":["PROJECT","SUB_PROJECTS"],"types":["DEX_ARCHIVE"],"format":"DIRECTORY","present":true},{"name":"slice_3","index":69,"scopes":["PROJECT","SUB_PROJECTS"],"types":["DEX_ARCHIVE"],"format":"DIRECTORY","present":true},{"name":"slice_4","index":70,"scopes":["PROJECT","SUB_PROJECTS"],"types":["DEX_ARCHIVE"],"format":"DIRECTORY","present":true},{"name":"slice_5","index":71,"scopes":["PROJECT","SUB_PROJECTS"],"types":["DEX_ARCHIVE"],"format":"DIRECTORY","present":true},{"name":"slice_6","index":72,"scopes":["PROJECT","SUB_PROJECTS"],"types":["DEX_ARCHIVE"],"format":"DIRECTORY","present":true},{"name":"slice_7","index":73,"scopes":["PROJECT","SUB_PROJECTS"],"types":["DEX_ARCHIVE"],"format":"DIRECTORY","present":true},{"name":"slice_8","index":74,"scopes":["PROJECT","SUB_PROJECTS"],"types":["DEX_ARCHIVE"],"format":"DIRECTORY","present":true},{"name":"slice_9","index":75,"scopes":["PROJECT","SUB_PROJECTS"],"types":["DEX_ARCHIVE"],"format":"DIRECTORY","present":true}]